Position,Company,Location,URL
Software Engineer Intern - Summer,Commerce Architects,Spokane  WA 99201,https://www.indeed.com/rc/clk?jk=11e4ea2d647d00d7&fccid=2dd2cd039ac4f2c2&vjs=3
NLP Intern,Brain Technologies,Remote in San Mateo  CA,https://www.indeed.com/rc/clk?jk=bd6f64ace12b8868&fccid=1924f57c86d0196e&vjs=3
Software Engineering Internship (Summer 2023),Tesla,Palo Alto  CA,https://www.indeed.com/rc/clk?jk=8ef8280f8c07da6c&fccid=86e9be6ce380173e&vjs=3
Software Engineer Internship - Summer 2023,Quest Analytics,Hybrid remote in Overland Park  KS,https://www.indeed.com/rc/clk?jk=05fe133126e25a48&fccid=b66c01ddfaeadf60&vjs=3
Software Intern,Turion Space,Irvine  CA,https://www.indeed.com/rc/clk?jk=6c859fe9871dba21&fccid=dd616958bd9ddc12&vjs=3
Application Developer Intern,Con-Tech Manufacturing  Inc.,Dodge Center  MN 55927,https://www.indeed.com/company/Con--Tech-Manufacturing/jobs/Application-Developer-Intern-8db98c9863dc7a34?fccid=22f3f5c7fe169b7f&vjs=3
Software Engineering Intern (Summer 2023),XCOM Labs,San Diego  CA 92121,https://www.indeed.com/rc/clk?jk=683917e357aad78d&fccid=1fa115e512445936&vjs=3
Software Engineering Intern - Summer 2023,Silicon Labs Careers,Austin  TX,https://www.indeed.com/rc/clk?jk=d5bd22a754b426b9&fccid=46437b5e9e684d4a&vjs=3
Intern  Software Engineering - Summer 2023,CommScope,Ashburn  VA,https://www.indeed.com/rc/clk?jk=599dbfc10921b92f&fccid=2579629f25cc4681&vjs=3
Intern - Software Engineering,Insitu,Hood River  OR,https://www.indeed.com/rc/clk?jk=dede09a824ebc1ec&fccid=ab8e185fa8d0dd51&vjs=3
Software Engineer Intern (Remote),Home Depot / THD,Remote in Atlanta  GA 30301,https://www.indeed.com/rc/clk?jk=63f666971d80deb4&fccid=82e58e9861d48566&vjs=3
Software Engineering Intern,Dopple,Remote in New York  NY,https://www.indeed.com/rc/clk?jk=b1f23ebf1f73e0c7&fccid=e965c29297786d24&vjs=3
Bell Labs Aerospace Comms Intern,NOKIA,Hybrid remote in Sunnyvale  CA 94086,https://www.indeed.com/rc/clk?jk=b33f51793cd42359&fccid=3444e7c94299ba32&vjs=3
Software Engineering Intern (Embedded Software),Panasonic Avionics Corporation,Irvine  CA,https://www.indeed.com/rc/clk?jk=bcfb77b44ea32611&fccid=a1488be096cd2e3f&vjs=3
Software Engineer Intern,PayPal,Omaha  NE,https://www.indeed.com/rc/clk?jk=a213034749d6b2ed&fccid=978d9fd9799d55a8&vjs=3
